"","Vehicle and Safety Equipment %","Lighting and Electrical %","Steering and Suspension %","Braking Equipment %","Wheels and Tyres %","Engine Noise and Exhaust %","Chassis and Body %","Side Slip Test %","Suspension Test %","Light test %","Brake Test %","Emmissions %","OTHER %","Incompletable %"
"8166",13.8200244947949,19.0134843845683,15.8248499693815,9.7582976117575,13.1904837721984,6.14889161053276,8.71973055725658,12.4265033680343,5.33883649724434,6.99784445805266,13.0139130434783,6.5217881200245,0.684176362522964,0.224274341702388
